{"train_loss": [1.1713551793779646, 1.171118003981454, 1.1420326403209142, 1.1332185098103114, 1.0855859901223863, 1.0712599456310272, 1.143839955329895, 1.0972144944327218, 1.0671388847487313, 1.018602409533092, 1.0155033426625388, 0.8917284309864044, 0.7887432064328875, 0.7959726367677961, 0.7634916688714709, 0.7166042625904083, 0.6781524292060307, 0.6562447207314628, 0.6045370740549905, 0.5959468824522836, 0.5883290086473737, 0.5610743803637368, 0.5666297589029584, 0.5672650124345507, 0.5445357986858913, 0.5522412870611463, 0.5421409159898758, 0.5281793815749032, 0.5209365742547172, 0.5295455626079014, 0.5577768726008279, 0.5213204345532826, 0.5234891261373248, 0.5160010584763118, 0.5123783073254994, 0.5159864127635956, 0.5129831859043666, 0.5151867355619159, 0.5148117414542607, 0.5104887400354657], "train_acc": [0.3062200956937799, 0.3492822966507177, 0.36363636363636365, 0.37320574162679426, 0.4019138755980861, 0.45933014354066987, 0.44019138755980863, 0.3875598086124402, 0.42105263157894735, 0.45933014354066987, 0.5119617224880383, 0.5980861244019139, 0.7416267942583732, 0.7511961722488039, 0.7655502392344498, 0.7990430622009569, 0.8564593301435407, 0.8755980861244019, 0.9425837320574163, 0.9473684210526315, 0.9712918660287081, 0.9760765550239234, 0.9712918660287081, 0.9617224880382775, 0.9904306220095693, 0.9808612440191388, 0.9856459330143541, 0.9952153110047847, 0.9952153110047847, 0.9952153110047847, 0.9712918660287081, 0.9904306220095693, 1.0, 1.0, 1.0, 1.0, 1.0, 0.9952153110047847, 0.9952153110047847, 1.0], "val_loss": [1.0981003840764363, 1.0805360873540242, 1.0776812235514324, 1.1305845578511555, 1.0751836895942688, 1.1410914659500122, 1.096774657567342, 1.128667672475179, 1.0202321608861287, 1.0422062873840332, 0.8954588572184244, 0.8377428452173868, 0.781428317228953, 0.7233414649963379, 0.6907625794410706, 0.6820707519849142, 0.6262170076370239, 0.6602618296941122, 0.5723863244056702, 0.542652944723765, 0.553427259127299, 0.5345925291379293, 0.5315597057342529, 0.5857940216859182, 0.5331095655759176, 0.5251479844252268, 0.5282542705535889, 0.5231923957665762, 0.5293077727158865, 0.5982646743456522, 0.5319174428780874, 0.5317436059316, 0.5216971238454183, 0.5214692751566569, 0.535057415564855, 0.5322327812512716, 0.5272613167762756, 0.5271158913771311, 0.532445619503657, 0.527245839436849], "val_acc": [0.3333333333333333, 0.37777777777777777, 0.5111111111111111, 0.3333333333333333, 0.3333333333333333, 0.3333333333333333, 0.3333333333333333, 0.3333333333333333, 0.5333333333333333, 0.35555555555555557, 0.6222222222222222, 0.5777777777777777, 0.7555555555555555, 0.8666666666666667, 0.8444444444444444, 0.8666666666666667, 0.8888888888888888, 0.8444444444444444, 0.9555555555555556, 0.9777777777777777, 0.9777777777777777, 0.9777777777777777, 0.9777777777777777, 0.9555555555555556, 0.9777777777777777, 0.9777777777777777, 0.9777777777777777, 0.9777777777777777, 0.9777777777777777, 0.9333333333333333, 0.9777777777777777, 0.9777777777777777, 0.9777777777777777, 0.9777777777777777, 0.9777777777777777, 0.9777777777777777, 0.9777777777777777, 0.9777777777777777, 0.9777777777777777, 0.9777777777777777]}