{"train_loss": [2.0399352927361765, 1.9883703570212088, 1.9286676145369006, 1.7898373411547752, 1.6301268185338667, 1.496764713718045, 1.3681699383643366, 1.3502746512812953, 1.231416275424342, 1.2067914355185725, 1.1528525544751076, 1.1091563047901276, 1.0705927687306558, 1.0532446503639221, 1.0686784059770646, 1.0172972948320451, 1.0375778636624735, 0.962075246918586, 0.9672158187435519, 0.9892254567915394, 1.0591440316169494, 0.9774210241533094, 0.9316706195954354, 1.068706500914789, 0.9961120467032155, 0.9230431106782728, 0.9260428278676925, 0.9519762262221305, 0.9496600416398817, 0.9479207031188472, 0.9555746028500218, 0.9153284199776188, 0.8915643941971564, 0.8870720440341581, 0.9196239017671154, 0.9270266025297104, 0.8972126476226314, 0.8830126523971558, 0.8672022550336776, 0.8418522650195707, 0.8578785907837653, 0.8504104941121994, 0.8463967730922084, 0.8391245911198277, 0.8447393409667476, 0.8545196498593977, 0.8413389036732335, 0.8469290271882088, 0.8678234777142925, 0.8643243466654131, 0.8485541843598888, 0.8426993681538489, 0.8282833368547501, 0.8266880377646415, 0.8322455306206981, 0.855856603191745, 0.8267350658293693, 0.8294722207130925, 0.834833602751455, 0.8270476364320324], "train_acc": [0.1510204081632653, 0.14489795918367346, 0.20816326530612245, 0.2979591836734694, 0.3693877551020408, 0.47551020408163264, 0.5673469387755102, 0.6081632653061224, 0.7, 0.7408163265306122, 0.7918367346938775, 0.8367346938775511, 0.8448979591836735, 0.8714285714285714, 0.8673469387755102, 0.8816326530612245, 0.889795918367347, 0.9244897959183673, 0.9346938775510204, 0.9081632653061225, 0.8877551020408163, 0.9204081632653062, 0.9428571428571428, 0.8653061224489796, 0.9142857142857143, 0.9591836734693877, 0.9530612244897959, 0.9285714285714286, 0.9326530612244898, 0.9428571428571428, 0.926530612244898, 0.9591836734693877, 0.9734693877551021, 0.9795918367346939, 0.9489795918367347, 0.9591836734693877, 0.963265306122449, 0.9714285714285714, 0.9816326530612245, 0.9959183673469387, 0.9877551020408163, 0.9877551020408163, 0.9959183673469387, 1.0, 0.9897959183673469, 0.9857142857142858, 0.9897959183673469, 0.9877551020408163, 0.9795918367346939, 0.9836734693877551, 0.9897959183673469, 0.9959183673469387, 1.0, 1.0, 1.0, 0.9857142857142858, 1.0, 0.9959183673469387, 0.9959183673469387, 0.9979591836734694], "val_loss": [1.9480001415525163, 1.963675584111895, 1.8463098832539149, 1.5736278806413924, 1.527349523135594, 1.3090050901685442, 1.2305102263178145, 1.1825768096106393, 1.120615805898394, 1.020270722252982, 0.9977110368864877, 1.0919775877680098, 0.9561575395720345, 1.0176436305046082, 0.9591079780033657, 0.8848423106329781, 0.8810651046889169, 0.9078818133899144, 0.8984559008053371, 0.9384805815560477, 0.9364539469991412, 0.8697280628340585, 0.9283504060336522, 1.0037396550178528, 0.8884167160306659, 0.8525411912373134, 0.8233502507209778, 0.8733179228646415, 0.9038961274283273, 0.9631126778466361, 0.8325536506516593, 0.8502132722309658, 0.8310360397611346, 0.8347606403487069, 0.8325256024088178, 0.9198700104440961, 0.8473810723849705, 0.8446797217641558, 0.8286978432110378, 0.8200550675392151, 0.8294818827084133, 0.8171120882034302, 0.8180205140795026, 0.8106524092810494, 0.8079855867794582, 0.8130714978490557, 0.8246398823601859, 0.8238149966512408, 0.8286075081144061, 0.8241572720663888, 0.8217514327594212, 0.8088101914950779, 0.8086255192756653, 0.8083280665533883, 0.8098434380122593, 0.808718204498291, 0.808703967503139, 0.8088160923549107, 0.8149758917944772, 0.8061499510492597], "val_acc": [0.14285714285714285, 0.21904761904761905, 0.23809523809523808, 0.38095238095238093, 0.47619047619047616, 0.6571428571428571, 0.6666666666666666, 0.7238095238095238, 0.7523809523809524, 0.8952380952380953, 0.9238095238095239, 0.7904761904761904, 0.8952380952380953, 0.8380952380952381, 0.8952380952380953, 0.9619047619047619, 0.9428571428571428, 0.9142857142857143, 0.9047619047619048, 0.9142857142857143, 0.9142857142857143, 0.9428571428571428, 0.8952380952380953, 0.8857142857142857, 0.9333333333333333, 0.9619047619047619, 0.9714285714285714, 0.9619047619047619, 0.9333333333333333, 0.9047619047619048, 0.9523809523809523, 0.9523809523809523, 0.9714285714285714, 0.9714285714285714, 0.9714285714285714, 0.9142857142857143, 0.9619047619047619, 0.9523809523809523, 0.9714285714285714, 0.9809523809523809, 0.9714285714285714, 0.9809523809523809, 0.9809523809523809, 0.9809523809523809, 0.9809523809523809, 0.9809523809523809, 0.9714285714285714, 0.9714285714285714, 0.9619047619047619, 0.9714285714285714, 0.9714285714285714, 0.9809523809523809, 0.9809523809523809, 0.9809523809523809, 0.9809523809523809, 0.9809523809523809, 0.9809523809523809, 0.9809523809523809, 0.9809523809523809, 0.9809523809523809]}