{"train_loss": [4.706718127806108, 4.556481167510316, 4.43829085276677, 4.346493964666848, 4.25272167121971, 4.1689067253699665, 4.08817059653146, 4.041076028740013, 3.948319605418614, 3.9282657025934578, 3.863000898570805, 3.7830455879588705, 3.7633321652045617, 3.6925994747287625, 3.64881123815264, 3.622778837497418, 3.5876527356577443, 3.5510859175042793, 3.479436905829461, 3.4674900809487146, 3.4751532811384935, 3.4387078363816816, 3.3840800798856296, 3.350321209037697, 3.3208441734313965, 3.3290433438269647, 3.2842487345685014, 3.2677624304215986, 3.2420959918053596, 3.2214739741859857, 3.213176043478997, 3.1953543542505622, 3.202228478022984, 3.14625456568959, 3.115462282201746, 3.11451617702023, 3.101156325130672, 3.058801991598947, 3.1073996889722215, 3.0998508851606768, 3.0605504853384837, 3.020074262723818, 3.002716968347738, 3.027824050777561, 3.0124083115504336, 2.981085955441653, 2.955890872976282, 2.9770916477664486, 2.97325237766727, 2.973879419840299, 2.931626938201569, 2.9150675522102105, 2.918904647722349, 2.8678512206444373, 2.883837340952276, 2.8761989153348484, 2.904024375664009, 2.8754565244192607, 2.872811162864769, 2.8396712135482622, 2.7419679898482103, 2.6801475430582906, 2.681793442139259, 2.666889887589675, 2.660395221395807, 2.6477934423383775, 2.603841619177179, 2.5912943357949727, 2.6149121719402273, 2.5702291347168305, 2.5720377361381446, 2.5721579672216057, 2.554825850895473, 2.552122862784417, 2.5327250066694322, 2.537334457858578, 2.562509460763617, 2.539573061597216, 2.543201370553656, 2.517359293424166, 2.5177912371499196, 2.523543205890027, 2.483846897607321, 2.4969504927540873, 2.491896005777212, 2.4730963589070916, 2.506446115263216, 2.4829993562383965, 2.467376226907248, 2.45445542545109, 2.4562230621065413, 2.44753320138533, 2.4685985151228014, 2.4408452406034367, 2.438111255457113, 2.3887540324703678, 2.380309896154718, 2.346723551278586, 2.33629531781752, 2.344600355232155], "train_acc": [0.0159500693481276, 0.027045769764216365, 0.029819694868238558, 0.04576976421636616, 0.049930651872399444, 0.07420249653259361, 0.07905686546463246, 0.11234396671289876, 0.12482662968099861, 0.13800277392510402, 0.15603328710124825, 0.1608876560332871, 0.1678224687933426, 0.19625520110957004, 0.20665742024965325, 0.21983356449375868, 0.22468793342579751, 0.26144244105409153, 0.2725381414701803, 0.2780859916782247, 0.27947295423023577, 0.29403606102635227, 0.29403606102635227, 0.31137309292649096, 0.32385575589459087, 0.3356449375866852, 0.3509015256588072, 0.3564493758668516, 0.35991678224687934, 0.361997226074896, 0.369625520110957, 0.35575589459084606, 0.361997226074896, 0.39805825242718446, 0.406380027739251, 0.4029126213592233, 0.4174757281553398, 0.42718446601941745, 0.4029126213592233, 0.4133148404993065, 0.41955617198335643, 0.4368932038834951, 0.44798890429958393, 0.4375866851595007, 0.44937586685159503, 0.45977808599167824, 0.470873786407767, 0.45423023578363386, 0.45423023578363386, 0.4646324549237171, 0.47295423023578365, 0.4930651872399445, 0.4826629680998613, 0.5145631067961165, 0.4986130374479889, 0.5020804438280166, 0.4958391123439667, 0.5, 0.5048543689320388, 0.513869625520111, 0.5596393897364771, 0.59500693481276, 0.5804438280166435, 0.5804438280166435, 0.5963938973647711, 0.6255201109570042, 0.6158113730929264, 0.6345353675450763, 0.6262135922330098, 0.6449375866851595, 0.6282940360610264, 0.6345353675450763, 0.628987517337032, 0.6470180305131762, 0.6428571428571429, 0.6601941747572816, 0.6400832177531207, 0.6497919556171984, 0.6449375866851595, 0.659500693481276, 0.6539528432732317, 0.6664355062413315, 0.6539528432732317, 0.6567267683772539, 0.659500693481276, 0.6775312066574203, 0.6726768377253814, 0.6608876560332871, 0.6789181692094314, 0.6775312066574203, 0.6816920943134536, 0.6837725381414702, 0.6789181692094314, 0.6934812760055479, 0.6803051317614425, 0.7156726768377254, 0.717753120665742, 0.7191400832177531, 0.7406380027739251, 0.7281553398058253], "val_loss": [4.501155809922651, 4.413209394975142, 4.32702514258298, 4.24402945691889, 4.152767929163846, 4.095839088613337, 4.09972695870833, 3.9603754823858086, 3.9291884140534834, 3.9089807922189888, 3.842843380841342, 3.8237535411661323, 3.7795516469261865, 3.7514309232885186, 3.683199416507374, 3.7026987942782315, 3.6396776871247725, 3.632414384321733, 3.6064908612858164, 3.5752561525865034, 3.5715825991197065, 3.5555223660035566, 3.5507456064224243, 3.5290594642812554, 3.517517935145985, 3.476110642606562, 3.452441096305847, 3.550590656020425, 3.454331788149747, 3.4568014470013706, 3.48439482125369, 3.4602913639762183, 3.4184915802695532, 3.4102454402230005, 3.4167043837634, 3.419299461624839, 3.402412913062356, 3.3603488965467974, 3.3385954336686567, 3.3932719122279775, 3.3523894006555732, 3.2912393483248623, 3.347268072041598, 3.3896832682869653, 3.3544116670435127, 3.3294885700399224, 3.2586715546521274, 3.3319181203842163, 3.28481971133839, 3.2949359850449995, 3.3314973332665185, 3.334504474293102, 3.3567464568398218, 3.335899439725009, 3.293853759765625, 3.2997990521517666, 3.2651380625638096, 3.279003869403492, 3.251980033787814, 3.274367939342152, 3.2183515483682807, 3.2306804873726587, 3.205595081502741, 3.2244373559951782, 3.202382271940058, 3.211525321006775, 3.1796766194430264, 3.1578351259231567, 3.17466308853843, 3.1596012223850596, 3.172927509654652, 3.132284998893738, 3.1582774357362227, 3.1965648369355635, 3.160072543404319, 3.1478979045694526, 3.215662197633223, 3.17694354057312, 3.184379057450728, 3.1709668202833696, 3.1379510164260864, 3.171820185401223, 3.182409741661765, 3.160873380574313, 3.1389696923169224, 3.1814778826453467, 3.2099932107058438, 3.2226028767499058, 3.1712053689089688, 3.164846257729964, 3.159175981174816, 3.1695543310858985, 3.1735282161019067, 3.182130965319547, 3.1255886229601773, 3.1308851458809595, 3.1288326761939307, 3.150558916005221, 3.1078014482151377, 3.139720168980685], "val_acc": [0.01775147928994083, 0.029585798816568046, 0.04437869822485207, 0.0621301775147929, 0.07692307692307693, 0.10059171597633136, 0.09171597633136094, 0.11538461538461539, 0.1390532544378698, 0.12721893491124261, 0.15088757396449703, 0.16272189349112426, 0.1863905325443787, 0.1834319526627219, 0.21301775147928995, 0.20414201183431951, 0.23076923076923078, 0.21005917159763313, 0.2485207100591716, 0.22781065088757396, 0.2514792899408284, 0.2485207100591716, 0.23668639053254437, 0.2455621301775148, 0.23372781065088757, 0.2485207100591716, 0.2603550295857988, 0.23372781065088757, 0.28106508875739644, 0.3047337278106509, 0.2485207100591716, 0.2692307692307692, 0.28402366863905326, 0.2781065088757396, 0.27218934911242604, 0.28402366863905326, 0.2958579881656805, 0.3076923076923077, 0.3254437869822485, 0.2781065088757396, 0.29289940828402367, 0.33136094674556216, 0.3076923076923077, 0.27514792899408286, 0.257396449704142, 0.2869822485207101, 0.32840236686390534, 0.2988165680473373, 0.363905325443787, 0.33136094674556216, 0.3165680473372781, 0.32840236686390534, 0.30177514792899407, 0.30177514792899407, 0.3106508875739645, 0.30177514792899407, 0.3254437869822485, 0.31952662721893493, 0.33136094674556216, 0.34911242603550297, 0.3520710059171598, 0.34023668639053256, 0.34023668639053256, 0.3431952662721893, 0.3668639053254438, 0.35502958579881655, 0.3668639053254438, 0.3757396449704142, 0.363905325443787, 0.34615384615384615, 0.38461538461538464, 0.33727810650887574, 0.3609467455621302, 0.3875739644970414, 0.3757396449704142, 0.3905325443786982, 0.34911242603550297, 0.378698224852071, 0.363905325443787, 0.378698224852071, 0.3668639053254438, 0.34615384615384615, 0.35502958579881655, 0.39644970414201186, 0.38461538461538464, 0.363905325443787, 0.363905325443787, 0.34023668639053256, 0.378698224852071, 0.3431952662721893, 0.34911242603550297, 0.3816568047337278, 0.3905325443786982, 0.3668639053254438, 0.38461538461538464, 0.3875739644970414, 0.41124260355029585, 0.40532544378698226, 0.4230769230769231, 0.3816568047337278]}