{"train_loss": [4.641013585604155, 4.483216086586753, 4.368243175548511, 4.326457227979388, 4.295942447997711, 4.226776172826578, 4.156883433624938, 4.116839906671545, 4.062377300891248, 3.983648908007276, 3.908100935129019, 3.8573846895616133, 3.78537763606061, 3.7052750901861504, 3.689315119942466, 3.628175276976365, 3.573659522192819, 3.517133571289398, 3.452894614293025, 3.4366663288284136, 3.35815960758335, 3.3202891716590295, 3.307361442964156, 3.2795475734459174, 3.2165570652091895, 3.187229444692423, 3.148612638096233, 3.095893409225967, 3.0993769535651574, 3.0864456643115035, 3.023829473243965, 2.984413736469143, 2.9643823314499067, 2.956781573347993, 2.914747232919211, 2.8766983786782068, 2.846081078707517, 2.7787535714579152, 2.794474075128744, 2.792924980540852, 2.767327620432927, 2.7198792840098287, 2.678128407551692, 2.6760497302799435, 2.6208836901318895, 2.607231323535626, 2.5464500961722907, 2.544965539659773, 2.4882634445861145, 2.4726532998975816, 2.471210213807913, 2.4164990946486755, 2.389552470091935, 2.3840657682209225, 2.35550810609545, 2.345912922869672, 2.3171054085532385, 2.2161092941577616, 2.180078606029133, 2.1787513402792125, 2.1333914693895277, 2.1445405836943743, 2.0981728794810537, 2.080769652848715, 2.0797284618838803, 2.0691550446080638, 2.0503177629722344, 2.0690512565466075, 2.0451571273279714, 2.025705780301775, 1.9982982808417016, 1.9969918321777176, 1.9673143114362444, 1.9986256478906987, 1.9556159436047733, 1.9378231226742924, 1.934335281560709, 1.92321247451908, 1.9184231456819472, 1.9404410071425386, 1.9207268075628594, 1.9189282341317817, 1.8716642738698603, 1.905304234106462, 1.8602866065371169, 1.8653316707401486, 1.8121677283402329, 1.7971748008832826, 1.785206138432681, 1.76614168712071, 1.7507075765630702, 1.7631742862554698, 1.7785391427658417, 1.7513373919895716, 1.744076791700426], "train_acc": [0.010402219140083218, 0.02565880721220527, 0.026352288488210817, 0.02912621359223301, 0.03259361997226075, 0.04507628294036061, 0.057558945908460474, 0.05825242718446602, 0.06657420249653259, 0.07212205270457697, 0.08807212205270458, 0.08321775312066575, 0.108876560332871, 0.13106796116504854, 0.12274618585298197, 0.1407766990291262, 0.15464632454923716, 0.17128987517337033, 0.18169209431345354, 0.17753120665742025, 0.19833564493758668, 0.20249653259361997, 0.21914008321775313, 0.23092926490984744, 0.2420249653259362, 0.2552011095700416, 0.2552011095700416, 0.26282940360610263, 0.25866851595006934, 0.27045769764216365, 0.2926490984743412, 0.28640776699029125, 0.3120665742024965, 0.3183079056865465, 0.3391123439667129, 0.34119278779472956, 0.3592233009708738, 0.37170596393897365, 0.37309292649098474, 0.37586685159500693, 0.3737864077669903, 0.37725381414701803, 0.40083217753120665, 0.40360610263522884, 0.39528432732316227, 0.4160887656033287, 0.4486823855755895, 0.45839112343966715, 0.46879334257975036, 0.46255201109570043, 0.4549237170596394, 0.48474341192787795, 0.4812760055478502, 0.4882108183079057, 0.5145631067961165, 0.5145631067961165, 0.5131761442441054, 0.5568654646324549, 0.5825242718446602, 0.5721220527045769, 0.5894590846047156, 0.5977808599167822, 0.6081830790568654, 0.6192787794729542, 0.6047156726768377, 0.6130374479889042, 0.6199722607489597, 0.6206657420249653, 0.6331484049930652, 0.6269070735090153, 0.6511789181692095, 0.6331484049930652, 0.6546463245492372, 0.6497919556171984, 0.6615811373092927, 0.665742024965326, 0.6775312066574203, 0.6664355062413315, 0.6719833564493759, 0.6754507628294036, 0.6705963938973648, 0.6768377253814147, 0.6900138696255201, 0.6830790568654647, 0.7004160887656034, 0.6865464632454924, 0.717753120665742, 0.7163661581137309, 0.7233009708737864, 0.7295423023578363, 0.7302357836338419, 0.7302357836338419, 0.7330097087378641, 0.7413314840499307, 0.7330097087378641], "val_loss": [4.580090717835859, 4.356397780505094, 4.326491897756403, 4.342262614857066, 4.263139648870989, 4.199076847596602, 4.13205932487141, 4.109986055981029, 4.033772425218062, 3.9782624569806186, 3.9022682254964653, 3.9751276428049263, 3.8109055215662178, 3.782164151018316, 3.7776800394058228, 3.7702086947181006, 3.667632894082503, 3.7373956441879272, 3.7028255462646484, 3.6383496956391768, 3.6135275038805874, 3.5397763794118706, 3.584279938177629, 3.5507255034013228, 3.567289038137956, 3.5267001282085073, 3.5402075485749678, 3.498560211875222, 3.4686223810369317, 3.458628470247442, 3.4343087781559336, 3.505752270871943, 3.3889662460847334, 3.3950631726871836, 3.3890645070509477, 3.4408236742019653, 3.343572822484103, 3.3424825234846636, 3.3467765504663642, 3.416968670758334, 3.369581786069003, 3.2926009568301113, 3.323186148296703, 3.2929062951694834, 3.3272802612998267, 3.309876626188105, 3.3115978999571367, 3.3605712868950586, 3.2784810824827715, 3.2565281066027554, 3.231561227278276, 3.2285972400145098, 3.2514416954734107, 3.2905676690014927, 3.181069027293812, 3.301743442362005, 3.1660123521631416, 3.1458487944169478, 3.1714878407391636, 3.185293371027166, 3.1609368974512275, 3.2358329729600386, 3.2246979149905117, 3.2475274476138027, 3.233660004355691, 3.1966531601819126, 3.2155932729894463, 3.2200337540019643, 3.2318878173828125, 3.21386596289548, 3.252129836515947, 3.2838809923692183, 3.258583903312683, 3.2570818771015513, 3.2566562674262305, 3.3103998682715674, 3.262946984984658, 3.2040067477659746, 3.2786541310223667, 3.251871954311024, 3.286304300481623, 3.239933794195002, 3.2700223705985327, 3.2483784827319058, 3.2631621577522973, 3.309737704016946, 3.2563589702952993, 3.2687420628287573, 3.2888077714226465, 3.2894022789868442, 3.3019783930345015, 3.234831127253446, 3.2659592736851084, 3.2521471110257236, 3.28423792665655], "val_acc": [0.026627218934911243, 0.038461538461538464, 0.029585798816568046, 0.03550295857988166, 0.0650887573964497, 0.05325443786982249, 0.05325443786982249, 0.07100591715976332, 0.07100591715976332, 0.07396449704142012, 0.10355029585798817, 0.09763313609467456, 0.09171597633136094, 0.12130177514792899, 0.11538461538461539, 0.10355029585798817, 0.12721893491124261, 0.12721893491124261, 0.1242603550295858, 0.1301775147928994, 0.13609467455621302, 0.14497041420118342, 0.15088757396449703, 0.13609467455621302, 0.14201183431952663, 0.15976331360946747, 0.15976331360946747, 0.17159763313609466, 0.19822485207100593, 0.16863905325443787, 0.19822485207100593, 0.19230769230769232, 0.21301775147928995, 0.20118343195266272, 0.1863905325443787, 0.20414201183431951, 0.21893491124260356, 0.2455621301775148, 0.23668639053254437, 0.21301775147928995, 0.22485207100591717, 0.2485207100591716, 0.22781065088757396, 0.2514792899408284, 0.2455621301775148, 0.28994082840236685, 0.22781065088757396, 0.23668639053254437, 0.2485207100591716, 0.257396449704142, 0.26331360946745563, 0.2603550295857988, 0.2781065088757396, 0.27514792899408286, 0.27514792899408286, 0.2781065088757396, 0.26627218934911245, 0.29289940828402367, 0.27514792899408286, 0.2958579881656805, 0.28106508875739644, 0.28106508875739644, 0.2781065088757396, 0.28106508875739644, 0.2781065088757396, 0.29289940828402367, 0.29289940828402367, 0.2958579881656805, 0.2781065088757396, 0.3047337278106509, 0.30177514792899407, 0.2781065088757396, 0.28402366863905326, 0.27514792899408286, 0.3106508875739645, 0.27514792899408286, 0.2869822485207101, 0.28402366863905326, 0.2869822485207101, 0.2958579881656805, 0.28106508875739644, 0.2958579881656805, 0.2958579881656805, 0.2988165680473373, 0.2958579881656805, 0.2781065088757396, 0.27514792899408286, 0.28402366863905326, 0.2958579881656805, 0.2988165680473373, 0.28994082840236685, 0.3106508875739645, 0.29289940828402367, 0.2958579881656805, 0.2958579881656805]}