{"train_loss": [4.613372331137185, 4.457999936826936, 4.366370232550652, 4.324351122091104, 4.268971558455583, 4.205102815732851, 4.179782689272702, 4.137855988282424, 4.084738068528228, 4.053728336816306, 4.0010465658628025, 3.956186614193759, 3.8815095712850383, 3.8584087733384016, 3.7825834646329777, 3.711086333453, 3.6522785228687327, 3.563654234121134, 3.548528891343337, 3.481738420633169, 3.451631627240024, 3.388144383063683, 3.359563785594898, 3.3273184718666498, 3.2275876068806912, 3.187065465109689, 3.209253722494775, 3.176323647027487, 3.1612601568410685, 3.1115908255943885, 3.0532877288021885, 3.0780615361182244, 3.0047644023056868, 2.9746427064413554, 2.940369826096755, 2.943070791579865, 2.893124132365971, 2.8561222553253174, 2.846439474231594, 2.8181759263132955, 2.7806619864243727, 2.7522279797019538, 2.7408238557668834, 2.681226309839186, 2.650440962760003, 2.6458034882178674, 2.642695743959029, 2.6039680504536893, 2.6151336235004465, 2.6038103693134182, 2.544652391266037, 2.5373398183466316, 2.4654686647457082, 2.4696604969737295, 2.471888316856636, 2.4571867552432387, 2.3916684690412584, 2.3518867597475155, 2.253320712309617, 2.2774556966928334, 2.255766184775384, 2.2356360102747823, 2.2249030464298123, 2.218478473988208, 2.1807072778324503, 2.1989382531616712, 2.196234717473879, 2.14145226923974, 2.14621500654535, 2.1523666172237186, 2.079735014464829, 2.0587062416495856, 2.049219679046463, 2.0510498141194438, 2.067293080654773, 2.0371599158087927, 2.009969935312376, 1.9828130360488052, 2.004855454623044], "train_acc": [0.010402219140083218, 0.02288488210818308, 0.03398058252427184, 0.0319001386962552, 0.04299583911234397, 0.049930651872399444, 0.052011095700416086, 0.05131761442441054, 0.05339805825242718, 0.07212205270457697, 0.08044382801664356, 0.07905686546463246, 0.09153952843273232, 0.0957004160887656, 0.11858529819694869, 0.14147018030513175, 0.1435506241331484, 0.16920943134535368, 0.17128987517337033, 0.18169209431345354, 0.19209431345353675, 0.19902912621359223, 0.20665742024965325, 0.21289875173370318, 0.24410540915395285, 0.25173370319001387, 0.25728155339805825, 0.24757281553398058, 0.2725381414701803, 0.26768377253814146, 0.2843273231622746, 0.28363384188626906, 0.3016643550624133, 0.30097087378640774, 0.3120665742024965, 0.32385575589459087, 0.33217753120665744, 0.3314840499306519, 0.3314840499306519, 0.34812760055478503, 0.36754507628294036, 0.37031900138696255, 0.3751733703190014, 0.3932038834951456, 0.4091539528432732, 0.4292649098474341, 0.41123439667128986, 0.41816920943134533, 0.4223300970873786, 0.43134535367545074, 0.4445214979195562, 0.46255201109570043, 0.47572815533980584, 0.4722607489597781, 0.4750346740638003, 0.47156726768377255, 0.5069348127600555, 0.5145631067961165, 0.5520110957004161, 0.5312066574202496, 0.5478502080443828, 0.5832177531206657, 0.5714285714285714, 0.5665742024965326, 0.5825242718446602, 0.5610263522884882, 0.5866851595006934, 0.5908460471567267, 0.5963938973647711, 0.6054091539528432, 0.6116504854368932, 0.6282940360610264, 0.6213592233009708, 0.6331484049930652, 0.6428571428571429, 0.6206657420249653, 0.6497919556171984, 0.6532593619972261, 0.6456310679611651], "val_loss": [4.545605897903442, 4.365098389712247, 4.341371406208385, 4.301031047647649, 4.25464590029283, 4.227117332545194, 4.15992779081518, 4.124559164047241, 4.080890991471031, 4.087053916671059, 4.030875487761064, 3.971891002221541, 3.926782011985779, 3.893425768071955, 3.8157900246706875, 3.7925340695814653, 3.7452517314390703, 3.7741106423464688, 3.686528270894831, 3.692393736405806, 3.633053107695146, 3.6290687756104902, 3.5631837844848633, 3.610766725106673, 3.5305663455616343, 3.5491302772001787, 3.477899670600891, 3.483905477957292, 3.4872956059195777, 3.485946156761863, 3.470105452971025, 3.4520875865762886, 3.39772414077412, 3.400258714502508, 3.414400035684759, 3.398859229954806, 3.358255559747869, 3.3864235877990723, 3.400414239276539, 3.347910935228521, 3.3119816238229927, 3.3765675479715522, 3.3585083809765903, 3.3464136990633877, 3.342512076551264, 3.3269518288699063, 3.310998493974859, 3.2980611541054468, 3.3613885857842187, 3.3651747378436, 3.307626550847834, 3.3160530653866855, 3.363852685148066, 3.2745660543441772, 3.3667409745129673, 3.32765473018993, 3.3530240817503496, 3.295461719686335, 3.2684198184446855, 3.3169782811945137, 3.2654803449457344, 3.2802751714533027, 3.265384392304854, 3.2795577265999536, 3.257902578874068, 3.3305860324339434, 3.2764891494404185, 3.269218780777671, 3.2502093098380347, 3.283663522113453, 3.245724482969804, 3.255353331565857, 3.2546150467612525, 3.2223799337040293, 3.260357975959778, 3.256813807920976, 3.2573769200931895, 3.2503017512234775, 3.2520259727131235], "val_acc": [0.029585798816568046, 0.038461538461538464, 0.038461538461538464, 0.038461538461538464, 0.05029585798816568, 0.03254437869822485, 0.05029585798816568, 0.05621301775147929, 0.05621301775147929, 0.07396449704142012, 0.05917159763313609, 0.09763313609467456, 0.10059171597633136, 0.10355029585798817, 0.11242603550295859, 0.11538461538461539, 0.12721893491124261, 0.1301775147928994, 0.14201183431952663, 0.14792899408284024, 0.16863905325443787, 0.14792899408284024, 0.17159763313609466, 0.15680473372781065, 0.17159763313609466, 0.19230769230769232, 0.1893491124260355, 0.1952662721893491, 0.1952662721893491, 0.1863905325443787, 0.1893491124260355, 0.17455621301775148, 0.21893491124260356, 0.1893491124260355, 0.20118343195266272, 0.19230769230769232, 0.21301775147928995, 0.21301775147928995, 0.22485207100591717, 0.20118343195266272, 0.22189349112426035, 0.19822485207100593, 0.22189349112426035, 0.22485207100591717, 0.21301775147928995, 0.2455621301775148, 0.22485207100591717, 0.23964497041420119, 0.22189349112426035, 0.23372781065088757, 0.23668639053254437, 0.23076923076923078, 0.24260355029585798, 0.23964497041420119, 0.24260355029585798, 0.23372781065088757, 0.23668639053254437, 0.23964497041420119, 0.27514792899408286, 0.21301775147928995, 0.2485207100591716, 0.24260355029585798, 0.2603550295857988, 0.2455621301775148, 0.2455621301775148, 0.23668639053254437, 0.26331360946745563, 0.23372781065088757, 0.26627218934911245, 0.2455621301775148, 0.2514792899408284, 0.23964497041420119, 0.2514792899408284, 0.26331360946745563, 0.257396449704142, 0.257396449704142, 0.2514792899408284, 0.26331360946745563, 0.26627218934911245]}